#,Source,Pair,Volume (24h),Price,Volume (%),%,Updated
1,Bitfinex,BTC/USD,"$506,784,000",$10789.00,6.13,%,Recently
2,OKEx,BTC/USDT,"$484,695,000", $10760.00,5.86,%,Recently
3,Binance,BTC/USDT,"$424,326,000",$10768.90,5.13,%,Recently
4,Upbit,BTC/KRW,"$355,827,000",$11190.70,4.30,%,Recently
5,bitFlyer,BTC/JPY,"$266,113,000",$10853.30,3.22,%,Recently
6,Bithumb,BTC/KRW,"$232,530,000",$11221.60,2.81,%,Recently
7,GDAX,BTC/USD,"$197,537,000",$10791.50,2.39,%,Recently
8,OKEx,ETH/BTC,"$185,215,000",$10783.40,2.24,%,Recently
9,OKEx,LTC/BTC,"$149,059,000",$10787.90,1.80,%,Recently
10,Bitstamp,BTC/USD,"$137,053,000",$10780.20,1.66,%,Recently
11,Binance,ETH/BTC,"$126,196,000",$10792.70,1.53,%,Recently
12,Huobi,BTC/USDT,"$126,165,000",$10777.40,1.53,%,Recently
13,OKEx,ETC/BTC,"$120,926,000",$10794.00,1.46,%,Recently
14,BTCC,BTC/USD,"$116,811,000",$10807.90,1.41,%,Recently
15,Binance,XVG/BTC,"$115,615,000",$10707.70,1.40,%,Recently
16,Kraken,BTC/EUR,"$115,322,000",$10831.70,1.39,%,Recently
17,HitBTC,BCH/BTC,"$108,261,000",$10786.70,1.31,%,Recently
18,Binance,TRX/BTC,"$104,861,000",$10709.80,1.27,%,Recently
19,OKEx,BCH/BTC,"$87,767,800",$10789.50,1.06,%,Recently
20,Binance,GTO/BTC,"$81,123,000",$10620.30,0.98,%,Recently
21,Kraken,BTC/USD,"$75,802,000",$10818.00,0.92,%,Recently
22,Upbit,XVG/BTC,"$75,111,300",$10733.70,0.91,%,Recently
23,Binance,ICX/BTC,"$69,485,600",$10750.00,0.84,%,Recently
24,Bittrex,XVG/BTC,"$69,376,700",$10746.80,0.84,%,Recently
25,Bit-Z,ETH/BTC,"$68,714,200",$10793.50,0.83,%,Recently
26,HitBTC,BTC/USDT,"$61,379,000",$10817.40,0.74,%,Recently
27,Binance,XRP/BTC,"$54,760,700",$10787.00,0.66,%,Recently
28,Huobi,HT/BTC,"$51,047,500",$10758.00,0.62,%,Recently
29,Gemini,BTC/USD,"$49,843,500",$10789.00,0.60,%,Recently
30,Bit-Z,LTC/BTC,"$48,823,100", $10804.60,0.59,%,Recently
31,Coinbene,BTC/USDT,"$47,987,200",$10712.00,0.58,%,Recently
32,HitBTC,ETH/BTC,"$45,242,600",$10790.70,0.55,%,Recently
33,Coinone,BTC/KRW,"$44,882,100",$11221.60,0.54,%,Recently
34,Binance,LTC/BTC,"$44,793,000",$10804.60,0.54,%,Recently
35,Binance,ADA/BTC,"$38,833,100",$11013.50,0.47,%,Recently
36,Huobi,WICC/BTC,"$38,198,000",$10718.30,0.46,%,Recently
37,Bittrex,BTC/USDT,"$37,826,100",$10792.00,0.46,%,Recently
38,Huobi,ELA/BTC,"$37,466,200",$10698.40,0.45,%,Recently
39,Binance,NEO/BTC,"$35,648,100",$10738.60,0.43,%,Recently
40,Poloniex,BTC/USDT,"$35,518,000",$10767.70,0.43,%,Recently
41,GDAX,BTC/EUR,"$35,064,200",$10859.50,0.42,%,Recently
42,Binance,BNB/BTC,"$33,973,500",$10745.60,0.41,%,Recently
43,Korbit,BTC/KRW,"$33,670,900",$11224.90,0.41,%,Recently
44,Binance,APPC/BTC,"$33,041,700",$10747.70,0.40,%,Recently
45,EXX,ETH/BTC,"$32,111,800",$10735.50,0.39,%,Recently
46,HitBTC,XRP/BTC,"$30,652,200",$10765.00,0.37,%,Recently
47,CoinEgg,ETH/BTC,"$30,172,300",$10746.10,0.36,%,Recently
48,Bit-Z,EKT/BTC,"$30,039,400",$10738.60,0.36,%,Recently
49,Binance,ETC/BTC,"$30,002,100",$10784.40,0.36,%,Recently
50,Binance,VEN/BTC,"$29,992,800",$10778.30,0.36,%,Recently
51,Bitstamp,BTC/EUR,"$29,570,400",$10828.30,0.36,%,Recently
52,CoinEgg,NEO/BTC,"$29,296,100",$10643.90,0.35,%,Recently
53,Binance,LEND/BTC,"$27,176,100",$10757.40,0.33,%,Recently
54,Upbit,SC/BTC,"$26,324,100",$10767.80,0.32,%,Recently
55,Bitfinex,ETH/BTC,"$25,662,300",$10785.90,0.31,%,Recently
56,Poloniex,ETH/BTC,"$24,731,100",$10780.00,0.30,%,Recently
57,LakeBTC,BTC/USD,"$24,164,300",$11368.60,0.29,%,Recently
58,Bittrex,ADA/BTC,"$23,181,900", $11054.80,0.28,%,Recently
59,Bit-Z,TRX/BTC,"$22,907,500",$10709.80,0.28,%,Recently
60,HitBTC,DASH/BTC,"$22,859,500",$10767.60,0.28,%,Recently
61,HitBTC,XMR/BTC,"$22,625,500",$10772.50,0.27,%,Recently
62,itBit,BTC/USD,"$21,840,000",$10789.60,0.26,%,Recently
63,Binance,NANO/BTC,"$21,730,800",$10775.70,0.26,%,Recently
64,Bitfinex,BTC/EUR,"$21,527,900",$10782.50,0.26,%,Recently
65,CEX.IO,BTC/USD,"$21,346,500",$10997.70,0.26,%,Recently
66,Bitbank,BTC/JPY,"$21,201,800",$10835.50,0.26,%,Recently
67,Binance,VIBE/BTC,"$20,707,200",$10758.40,0.25,%,Recently
68,Bit-Z,ETC/BTC,"$20,679,100",$10772.80,0.25,%,Recently
69,Bittrex,SC/BTC,"$20,376,100",$10767.80,0.25,%,Recently
70,Bittrex,XRP/BTC,"$20,099,300",$10756.10,0.24,%,Recently
71,Upbit,WAX/BTC,"$19,443,100",$10797.00,0.24,%,Recently
72,CoinsBank,BTC/USD,"$19,402,500", $10866.00,0.23,%,Recently
73,Poloniex,XRP/BTC,"$19,363,700",$10753.10,0.23,%,Recently
74,OKEx,SWFTC/BTC,"$19,163,300",$10734.00,0.23,%,Recently
75,Huobi,ZEC/BTC,"$18,419,100",$10766.90,0.22,%,Recently
76,Bittrex,XEM/BTC,"$18,241,900",$10819.80,0.22,%,Recently
77,Binance,HSR/BTC,"$18,070,300",$10747.80,0.22,%,Recently
78,Bittrex,ETH/BTC,"$17,918,100",$10814.90,0.22,%,Recently
79,CoinsBank,BTC/GBP,"$17,455,200",$10769.50,0.21,%,Recently
80,Upbit,ADA/BTC,"$17,409,300",$11057.70,0.21,%,Recently
81,Binance,BCC/BTC,"$17,330,700",$10791.60,0.21,%,Recently
82,Bitfinex,LTC/BTC,"$16,607,700",$10795.80,0.20,%,Recently
83,Binance,XLM/BTC,"$16,477,100",$11070.30,0.20,%,Recently
84,Binance,EOS/BTC,"$16,381,400",$10773.80,0.20,%,Recently
85,CoinsBank,BTC/EUR,"$16,308,100",$10670.60,0.20,%,Recently
86,Tidex,WAVES/BTC,"$16,271,300",$10832.50,0.20,%,Recently
87,Upbit,RISE/BTC,"$16,221,800",$15276.00,0.00,%,173 hours ago
88,Poloniex,LTC/BTC,"$16,018,400",$10779.30,0.19,%,Recently
89,Bittrex,VEE/BTC," $15,478,600",$10810.80,0.19,%,Recently
90,Binance,PPT/BTC,"$14,934,900",$10727.70,0.18,%,Recently
91,OKEx,XRP/BTC,"$14,894,500",$10763.00,0.18,%,Recently
92,EXX,BCC/BTC,"$14,803,100",$10740.20,0.18,%,Recently
93,OKEx,EOS/BTC,"$14,625,600",$10711.60,0.18,%,Recently
94,Bittrex,LTC/BTC,"$14,615,000",$10775.80,0.18,%,Recently
95,CoinEgg,LSK/BTC,"$14,564,600",$10923.70,0.18,%,Recently
96,CoinEgg,TRX/BTC,"$14,514,300",$11239.10,0.18,%,Recently
97,Exmo,BTC/USD,"$14,492,100",$10903.10,0.18,%,Recently
98,Huobi,AIDOC/BTC,"$14,454,100",$10805.00,0.17,%,Recently
99,Binance,ZRX/BTC,"$14,339,900",$10720.00,0.17,%,Recently
100,Bittrex,WAX/BTC,"$13,927,900",$10797.00,0.17,%,Recently
101,Livecoin,BTC/USD,"$13,729,000",$10702.10,0.17,%,Recently
102,Binance,LSK/BTC,"$13,604,500",$10750.00,0.16,%,Recently
103,Huobi,XEM/BTC,"$13,593,200",$11066.70,0.16,%,Recently
104,Livecoin,ETH/BTC,"$13,515,200",$10720.40,0.16,%,Recently
105,Bittrex,NEO/BTC,"$13,217,200",$10735.20,0.16,%,Recently
106,Binance,MTL/BTC,"$13,140,300",$10908.60,0.16,%,Recently
107,Upbit,XRP/BTC,"$12,941,400",$10758.10,0.16,%,Recently
108,Bittrex,ETC/BTC,"$12,913,100",$10786.40,0.16,%,Recently
109,Upbit,XEM/BTC,"$12,809,300",$10819.80,0.15,%,Recently
110,Bit-Z,LSK/BTC,"$12,767,200",$10886.90,0.15,%,Recently
111,OKEx,XEM/BTC,"$12,570,300",$10991.30,0.15,%,Recently
112,ZB.COM,LBTC/BTC,"$12,422,300",$10640.70,0.15,%,Recently
113,Bittrex,ZCL/BTC,"$11,907,800",$10745.80,0.14,%,Recently
114,Bittrex,NBT/BTC,"$11,798,900",$10720.60,0.14,%,Recently
115,Binance,IOST/BTC,"$11,637,000",$10831.10,0.14,%,Recently
116,Bitfinex,ETC/BTC,"$11,589,100",$10803.60,0.14,%,Recently
117,WEX,BTC/USD,"$11,370,900",$10824.00,0.14,%,Recently
118,Huobi,XRP/BTC,"$11,080,300",$10747.60,0.13,%,Recently
119,Paribu,BTC/TRY,"$11,061,900",$10705.00,0.13,%,Recently
120,OKEx,VEE/BTC,"$10,978,400",$10810.80,0.13,%,Recently
121,Huobi,ETH/BTC,"$10,902,200",$10774.70,0.13,%,Recently
122,Bittrex,RISE/BTC,"$10,806,000",$15510.80,0.00,%,173 hours ago
123,Binance,OMG/BTC,"$10,724,800",$10711.30,0.13,%,Recently
124,Bitfinex,XRP/BTC,"$10,490,300",$10783.00,0.13,%,Recently
125,Simex,BTC/USD,"$10,382,400",$10800.00,0.13,%,Recently
126,Bittrex,BCC/BTC,"$10,221,300",$10749.90,0.12,%,Recently
127,Luno,BTC/ZAR,"$9,734,540",$11378.20,0.12,%,Recently
128,Bit-Z,BCH/BTC,"$9,663,510",$10791.60,0.12,%,Recently
129,Liqui,TRX/BTC,"$9,644,750",$10667.10,0.12,%,Recently
130,Binance,POE/BTC,"$9,602,500",$10738.90,0.12,%,Recently
131,Binance,XMR/BTC,"$9,567,340",$10714.30,0.12,%,Recently
132,Bittrex,XLM/BTC,"$9,529,340",$11077.90,0.12,%,Recently
133,Bittrex,LSK/BTC,"$9,515,260",$10812.90,0.12,%,Recently
134,Exmo,BTC/RUB,"$9,513,360",$10317.50,0.12,%,Recently
135,Bitfinex,BCH/BTC,"$9,513,120",$10782.60,0.12,%,Recently
136,YoBit,DASH/BTC,"$9,511,840",$10739.30,0.12,%,Recently
137,Huobi,PROPY/BTC,"$9,501,640",$10746.10,0.11,%,Recently
138,OKEx,INS/BTC,"$9,435,240",$10727.10,0.11,%,Recently
139,GDAX,LTC/BTC,"$9,090,300",$10778.80,0.11,%,Recently
140,Binance,INS/BTC,"$8,986,470",$10753.90,0.11,%,Recently
141,Upbit,NEO/BTC,"$8,984,800",$10735.20,0.11,%,Recently
142,OKEx,NEO/BTC,"$8,914,790",$10709.80,0.11,%,Recently
143,Kraken,ETH/BTC,"$8,836,520",$10795.60,0.11,%,Recently
144,GDAX,ETH/BTC,"$8,768,710",$10754.90,0.11,%,Recently
145,Binance,BRD/BTC,"$8,713,120",$10909.00,0.11,%,Recently
146,Binance,NEBL/BTC,"$8,684,030",$10774.90,0.11,%,Recently
147,Zebpay,BTC/INR,"$8,644,440",$11046.00,0.10,%,Recently
148,Neraex,BTC/JPY,"$8,572,540",$10847.20,0.10,%,Recently
149,BitBay,BTC/PLN,"$8,567,980",$10808.90,0.10,%,Recently
150,Poloniex,XMR/BTC,"$8,524,600",$10768.90,0.10,%,Recently
151,BTC Markets,BTC/AUD,"$8,383,330",$10817.90,0.10,%,Recently
152,WEX,BCH/BTC,"$8,208,820",$10781.80,0.10,%,Recently
153,EXX,LTC/BTC,"$7,760,260",$10617.30,0.09,%,Recently
154,Bitcoin Indonesia,BTC/IDR,"$7,636,550",$11002.80,0.09,%,Recently
155,HitBTC,ZEC/BTC,"$7,582,490",$10742.60,0.09,%,Recently
156,Binance,GVT/BTC,"$7,563,560",$10593.60,0.09,%,Recently
157,Bittrex,OMG/BTC,"$7,425,060",$10774.70,0.09,%,Recently
158,Poloniex,ETC/BTC,"$7,309,760",$10776.70,0.09,%,Recently
159,Tidex,ETH/BTC,"$7,218,640",$10753.70,0.09,%,Recently
160,Bitfinex,EOS/BTC,"$7,125,460",$10771.80,0.09,%,Recently
161,Negocie Coins,BTC/BRL,"$7,122,440",$11116.30,0.09,%,Recently
162,Poloniex,XEM/BTC,"$7,114,520",$10863.70,0.09,%,Recently
163,Bittrex,XMR/BTC,"$7,077,090",$10774.90,0.09,%,Recently
164,Fatbtc,BTC/CNY,"$6,922,310",$11267.60,0.08,%,Recently
165,CoinEgg,QTUM/BTC,"$6,580,060",$11010.30,0.08,%,Recently
166,BtcTrade.im,BCH/BTC,"$6,579,230",$10963.50,0.08,%,Recently
167,Poloniex,STR/BTC,"$6,500,500",$11072.80,0.08,%,Recently
168,GetBTC,BTC/RUB,"$6,398,260",$11143.30,0.08,%,Recently
169,CoinEgg,RUFF/BTC,"$6,394,640",$10818.20,0.08,%,Recently
170,Huobi,IOST/BTC,"$6,374,670",$10794.50,0.08,%,Recently
171,GetBTC,BTC/EUR,"$6,285,090",$10946.20,0.08,%,Recently
172,Upbit,BCC/BTC,"$6,278,590",$10803.60,0.08,%,Recently
173,Bit-Z,HSR/BTC," $6,255,090",$10747.80,0.08,%,Recently
174,GetBTC,BTC/USD,"$6,251,660",$10888.00,0.08,%,Recently
175,Binance,RPX/BTC,"$6,251,260",$10719.30,0.08,%,Recently
176,Gate.io,BTC/USDT,"$6,161,170",$10759.80,0.07,%,Recently
177,Bitinka,BTC/USD,"$6,133,940",$10755.30,0.07,%,Recently
178,Bitfinex,OMG/BTC,"$6,132,800",$10768.70,0.07,%,Recently
179,Binance,WTC/BTC,"$6,065,700",$10691.00,0.07,%,Recently
180,Binance,LINK/BTC,"$6,052,870",$10784.60,0.07,%,Recently
181,Bibox,BIX/BTC,"$6,012,450",$10702.70,0.07,%,Recently
182,OKEx,QTUM/BTC,"$5,982,990",$11053.50,0.07,%,Recently
183,EXX,EPC/BTC,"$5,882,090",$10599.20,0.07,%,Recently
184,Huobi,ZIL/BTC,"$5,857,550",$10749.20,0.07,%,Recently
185,Upbit,LSK/BTC,"$5,822,870",$10813.10,0.07,%,Recently
186,Kraken,XRP/BTC,"$5,671,750",$10744.20,0.07,%,Recently
187,Binance,QTUM/BTC," $5,602,370",$11083.70,0.07,%,Recently
188,CoinEgg,XRP/BTC,"$5,562,850",$10915.40,0.07,%,Recently
189,Bitstamp,XRP/BTC,"$5,555,470",$10748.10,0.07,%,Recently
190,Upbit,LTC/BTC,"$5,468,310",$10826.80,0.07,%,Recently
191,Huobi,SRN/BTC,"$5,457,660",$10685.50,0.07,%,Recently
192,WEX,LTC/BTC,"$5,442,440",$10773.70,0.07,%,Recently
193,Upbit,XDN/BTC,"$5,406,750",$10698.00,0.07,%,Recently
194,Bit-Z,NKC/BTC,"$5,400,710",$10668.00,0.07,%,Recently
195,Binance,ENJ/BTC,"$5,392,070",$10746.60,0.07,%,Recently
196,Binance,IOTA/BTC,"$5,374,750",$10682.60,0.06,%,Recently
197,CoinEgg,BCH/BTC,"$5,298,920",$10660.40,0.06,%,Recently
198,Upbit,XLM/BTC,"$5,298,610",$11108.80,0.06,%,Recently
199,QuadrigaCX,BTC/CAD,"$5,289,960",$10847.20,0.06,%,Recently
200,Binance,AION/BTC,"$5,266,250",$10726.40,0.06,%,Recently
201,Huobi,LTC/BTC,"$5,200,390",$10784.50,0.06,%,Recently
202,Binance,ADX/BTC,"$5,159,030",$10743.20,0.06,%,Recently
203,OKEx,IOTA/BTC,"$5,153,550",$10890.20,0.06,%,Recently
204,BX Thailand,BTC/THB,"$5,102,420",$11014.10,0.06,%,Recently
205,BTCTurk,BTC/TRY,"$5,089,320",$10718.60,0.06,%,Recently
206,Kraken,XLM/BTC,"$5,027,530",$11062.60,0.06,%,Recently
207,Bitstamp,ETH/BTC,"$5,015,900",$10796.80,0.06,%,Recently
208,Binance,CND/BTC,"$4,993,690",$10814.90,0.06,%,Recently
209,AEX,BTC/BITCNY,"$4,971,060",$11091.10,0.06,%,Recently
210,Foxbit,BTC/BRL,"$4,928,940",$11035.80,0.06,%,Recently
211,YoBit,LSK/BTC,"$4,865,570",$10784.60,0.06,%,Recently
212,Huobi,OMG/BTC,"$4,856,600",$10730.40,0.06,%,Recently
213,xBTCe,BTC/USD,"$4,828,540",$10680.00,0.06,%,Recently
214,HitBTC,BCN/BTC,"$4,723,550",$10741.70,0.06,%,Recently
215,Huobi,EOS/BTC," $4,676,490",$10729.20,0.06,%,Recently
216,CoolCoin,ETH/BTC,"$4,617,830",$9393.65,0.00,%,105 hours ago
217,BtcTrade.im,ETH/BTC,"$4,615,450",$11172.90,0.06,%,Recently
218,Kraken,EOS/BTC,"$4,587,480",$10729.90,0.06,%,Recently
219,CoinEgg,QBT/BTC,"$4,560,180",$11906.60,0.06,%,Recently
220,GDAX,BTC/GBP,"$4,555,320",$10922.90,0.06,%,Recently
221,Bitfinex,NEO/BTC,"$4,541,600",$10722.40,0.05,%,Recently
222,Binance,FUEL/BTC,"$4,537,020",$10638.20,0.05,%,Recently
223,Poloniex,BCH/BTC,"$4,506,250",$10779.90,0.05,%,Recently
224,Bitinka,BTC/EUR,"$4,467,320",$10806.60,0.05,%,Recently
225,OKEx,R/BTC,"$4,362,170",$11040.50,0.05,%,Recently
226,Bit-Z,ZEC/BTC,"$4,331,100",$10786.30,0.05,%,Recently
227,Huobi,DTA/BTC,"$4,298,580",$10770.70,0.05,%,Recently
228,Upbit,ETH/BTC,"$4,284,660",$10814.90,0.05,%,Recently
229,Exmo,ETH/BTC,"$4,277,730 ",$10842.80,0.05,%,Recently
230,YoBit,ETH/BTC,"$4,272,070",$10717.20,0.05,%,Recently
231,Upbit,ETC/BTC,"$4,271,380",$10784.40,0.05,%,Recently
232,WEX,ETH/BTC,"$4,268,480",$10768.00,0.05,%,Recently
233,BtcTrade.im,LTC/BTC,"$4,256,140",$10696.00,0.05,%,Recently
234,Huobi,NEO/BTC,"$4,198,270",$10751.90,0.05,%,Recently
235,Bittrex,ZRX/BTC,"$4,121,410",$10707.30,0.05,%,Recently
236,CoinEgg,ACT/BTC,"$4,105,730",$10497.30,0.05,%,Recently
237,Huobi,VEN/BTC,"$4,094,200",$10813.20,0.05,%,Recently
238,Binance,ELF/BTC,"$4,063,210",$10712.80,0.05,%,Recently
239,Bitfinex,XMR/BTC,"$4,061,480",$10775.80,0.05,%,Recently
240,Bit-Z,INK/BTC,"$4,051,280",$10951.50,0.05,%,Recently
241,LakeBTC,BTC/JPY,"$4,039,790",$11400.60,0.05,%,Recently
242,Bittrex,MONA/BTC,"$3,997,890",$10987.10,0.05,%,Recently
243,Coinfloor,BTC/GBP,"$3,986,540",$10834.70,0.05,%,Recently
244,HitBTC,LTC/BTC,"$3,970,940",$10794.30,0.05,%,Recently
245,Upbit,BTC/USDT,"$3,928,520",$10737.00,0.05,%,Recently
246,Binance,STRAT/BTC,"$3,926,860",$10948.00,0.05,%,Recently
247,Binance,SALT/BTC,"$3,862,360",$10710.40,0.05,%,Recently
248,Bittrex,DGB/BTC,"$3,842,010",$10762.80,0.05,%,Recently
249,Kucoin,ETH/BTC,"$3,830,330",$10769.20,0.05,%,Recently
250,Huobi,THETA/BTC,"$3,812,920",$10628.30,0.05,%,Recently
251,Bit-Z,QTUM/BTC,"$3,799,470",$11083.70,0.05,%,Recently
252,Binance,GXS/BTC,"$3,778,610",$10730.90,0.05,%,Recently
253,Binance,BCPT/BTC,"$3,729,500",$10745.20,0.05,%,Recently
254,WEX,DSH/BTC,"$3,717,460",$10788.90,0.04,%,Recently
255,Bittrex,VTC/BTC,"$3,707,960",$10867.20,0.04,%,Recently
256,Binance,BLZ/BTC,"$3,698,200",$10683.30,0.04,%,Recently
257,Kraken,LTC/BTC,"$3,686,640 ",$10769.10,0.04,%,Recently
258,Coinsquare,BTC/CAD,"$3,678,920",$11023.00,0.04,%,Recently
259,Exmo,BTC/EUR,"$3,675,570",$11097.30,0.04,%,Recently
260,Bit-Z,FCT/BTC,"$3,671,530",$10749.30,0.04,%,Recently
261,Binance,QSP/BTC,"$3,661,520",$10708.30,0.04,%,Recently
262,Bitinka,BTC/ARS,"$3,593,410",$10421.90,0.04,%,Recently
263,AidosMarket,ADK/BTC,"$3,590,700",$10749.10,0.04,%,Recently
264,CoinEgg,LBTC/BTC,"$3,566,720",$8852.91,0.04,%,Recently
265,Binance,AMB/BTC,"$3,526,440",$10825.10,0.04,%,Recently
266,Huobi,QUN/BTC,"$3,518,810",$10723.30,0.04,%,Recently
267,Bittrex,WAVES/BTC,"$3,506,130",$10865.20,0.04,%,Recently
268,Bit-Z,DASH/BTC,"$3,472,310",$10784.20,0.04,%,Recently
269,Bitfinex,DASH/BTC,"$3,465,990",$10773.10,0.04,%,Recently
270,Huobi,NAS/BTC,"$3,463,190",$10782.10,0.04,%,Recently
271,Bitonic,BTC/EUR,"$3,438,180 ",$10748.60,0.04,%,Recently
272,Bittrex,XDN/BTC,"$3,405,550",$10698.00,0.04,%,Recently
273,OKEx,VIB/BTC,"$3,384,420",$10844.60,0.04,%,Recently
274,Upbit,ZRX/BTC,"$3,334,180",$10709.10,0.04,%,Recently
275,Binance,FUN/BTC,"$3,288,410",$10881.60,0.04,%,Recently
276,Bitfinex,MIOTA/BTC,"$3,224,390",$10749.80,0.04,%,Recently
277,Binance,ZEC/BTC,"$3,187,540",$10773.20,0.04,%,Recently
278,Kraken,ETC/BTC,"$3,155,540",$10764.20,0.04,%,Recently
279,HitBTC,XDN/BTC,"$3,153,370",$10815.90,0.04,%,Recently
280,Huobi,HSR/BTC,"$3,147,100",$10760.80,0.04,%,Recently
281,Binance,CHAT/BTC,"$3,135,240",$10806.40,0.04,%,Recently
282,Mercado Bitcoin,BTC/BRL,"$3,125,650",$11113.20,0.04,%,Recently
283,Huobi,ELF/BTC,"$3,114,720",$10696.90,0.04,%,Recently
284,Huobi,RUFF/BTC,"$3,099,000",$10697.60,0.04,%,Recently
285,Bittrex,STRAT/BTC," $3,092,920",$10887.00,0.04,%,Recently
286,BL3P,BTC/EUR,"$3,058,550",$10878.60,0.04,%,Recently
287,WEX,ZEC/BTC,"$3,051,510",$10756.10,0.04,%,Recently
288,Bitso,BTC/MXN,"$3,002,270",$10901.70,0.04,%,Recently
289,Huobi,SNT/BTC,"$2,986,980",$10657.70,0.04,%,Recently
290,Bittrex,NXT/BTC,"$2,976,990",$10870.50,0.04,%,Recently
291,Kucoin,MEE/BTC,"$2,889,840",$10791.50,0.03,%,Recently
292,OKEx,SNC/BTC,"$2,888,920",$10756.90,0.03,%,Recently
293,Kraken,DASH/BTC,"$2,869,690",$10779.40,0.03,%,Recently
294,OKEx,ELF/BTC,"$2,850,990",$10636.10,0.03,%,Recently
295,Binance,WABI/BTC,"$2,828,370",$10694.00,0.03,%,Recently
296,Bitinka,BTC/PEN,"$2,813,120",$10679.60,0.03,%,Recently
297,Poloniex,ZEC/BTC,"$2,792,080",$10782.00,0.03,%,Recently
298,Allcoin,HSR/BTC,"$2,788,840",$10661.00,0.03,%,Recently
299,Vebitcoin,BTC/TRY,"$2,780,140",$10802.50,0.03,%,Recently
300,Huobi,WPR/BTC,"$2,778,500",$10729.70,0.03,%,Recently
301,Liqui,SRN/BTC,"$2,757,900",$10628.60,0.03,%,Recently
302,CEX.IO,BTC/EUR,"$2,757,020",$10790.80,0.03,%,Recently
303,Binance,DGD/BTC,"$2,747,770",$10783.80,0.03,%,Recently
304,Bit-Z,EOS/BTC,"$2,743,210",$10773.70,0.03,%,Recently
305,Bittrex,QTUM/BTC,"$2,736,140",$11112.50,0.03,%,Recently
306,CoinEgg,LTC/BTC,"$2,724,720",$10665.90,0.03,%,Recently
307,Bittrex,BTG/BTC,"$2,705,030",$10856.50,0.03,%,Recently
308,WEX,BTC/RUR,"$2,680,320",$10902.30,0.03,%,Recently
309,Bittrex,ZEC/BTC,"$2,671,890",$10763.20,0.03,%,Recently
310,BigONE,EKT/BTC,"$2,670,030",$11382.50,0.03,%,Recently
311,Binance,KNC/BTC,"$2,662,060",$10748.70,0.03,%,Recently
312,Binance,GAS/BTC,"$2,644,110",$10740.30,0.03,%,Recently
313,Poloniex,LSK/BTC,"$2,640,010",$10886.90,0.03,%,Recently
314,Bibox,GTO/BTC,"$2,618,360",$10622.20,0.03,%,Recently
315,Huobi,BCH/BTC,"$2,614,640",$10773.80,0.03,%,Recently
316,Bittrex,KMD/BTC,"$2,614,560",$11046.60,0.03,%,Recently
317,CoinEgg,INK/BTC,"$2,599,030",$10247.50,0.03,%,Recently
318,C2CX,BTC/USDT,"$2,595,190",$10787.00,0.03,%,Recently
319,Poloniex,BTS/BTC,"$2,592,470",$10802.00,0.03,%,Recently
320,Binance,BTS/BTC,"$2,591,720",$10814.30,0.03,%,Recently
321,Binance,BTG/BTC,"$2,589,280",$10897.00,0.03,%,Recently
322,Coinnest,BTC/KRW,"$2,582,270",$10781.90,0.03,%,Recently
323,YoBit,BCC/BTC,"$2,581,070",$10755.60,0.03,%,Recently
324,Upbit,SNT/BTC,"$2,577,570",$11032.70,0.03,%,Recently
325,LakeBTC,BTC/EUR,"$2,572,020",$11352.60,0.03,%,Recently
326,Binance,ARN/BTC,"$2,567,840",$10720.50,0.03,%,Recently
327,Bitstamp,LTC/BTC," $2,564,210",$10810.20,0.03,%,Recently
328,Bitfinex,ZEC/BTC,"$2,562,920",$10789.00,0.03,%,Recently
329,Kraken,BCH/BTC,"$2,552,460",$10788.70,0.03,%,Recently
330,Huobi,WAX/BTC,"$2,552,260",$10724.70,0.03,%,Recently
331,Poloniex,DOGE/BTC,"$2,539,430",$10866.90,0.03,%,Recently
332,WEX,BTC/EUR,"$2,529,720",$10877.80,0.03,%,Recently
333,Huobi,LET/BTC,"$2,515,550",$10719.90,0.03,%,Recently
334,Bittrex,DOGE/BTC,"$2,500,740",$10866.90,0.03,%,Recently
335,Livecoin,LTC/BTC,"$2,492,230",$10814.90,0.03,%,Recently
336,Huobi,LSK/BTC,"$2,482,430",$10830.50,0.03,%,Recently
337,Bibox,ETH/BTC,"$2,469,150",$10704.20,0.03,%,Recently
338,Bit-Z,PUT/BTC,"$2,466,860",$10585.00,0.03,%,Recently
339,Bittrex,SNT/BTC,"$2,428,230",$11032.70,0.03,%,Recently
340,Binance,WAVES/BTC,"$2,416,990",$10781.00,0.03,%,Recently
341,Bibox,JNT/BTC," $2,383,940",$10646.50,0.03,%,Recently
342,Huobi,STK/BTC,"$2,381,800",$10993.70,0.03,%,Recently
343,Binance,SUB/BTC,"$2,379,370",$10739.90,0.03,%,Recently
344,Upbit,OMG/BTC,"$2,363,480",$10777.00,0.03,%,Recently
345,Binance,DASH/BTC,"$2,361,120",$10784.20,0.03,%,Recently
346,YoBit,LTC/BTC,"$2,358,020",$10756.10,0.03,%,Recently
347,Poloniex,SC/BTC,"$2,339,960",$11276.90,0.03,%,Recently
348,Bitfinex,SAN/BTC,"$2,326,330",$10754.80,0.03,%,Recently
349,Livecoin,XMR/BTC,"$2,323,750",$10714.30,0.03,%,Recently
350,Huobi,QTUM/BTC,"$2,316,490",$11065.30,0.03,%,Recently
351,Bittrex,THC/BTC,"$2,312,430",$10853.90,0.03,%,Recently
352,Kraken,XMR/BTC,"$2,308,760",$10765.30,0.03,%,Recently
353,GDAX,BCH/BTC,"$2,298,250",$10782.60,0.03,%,Recently
354,ACX,BTC/AUD,"$2,283,180",$10842.20,0.03,%,Recently
355,BTC-Alpha,BTC/USD,"$2,276,670 ",$10950.00,0.03,%,Recently
356,Huobi,SMT/BTC,"$2,272,870",$10865.20,0.03,%,Recently
357,HitBTC,XEM/BTC,"$2,258,190",$10907.90,0.03,%,Recently
358,Upbit,KMD/BTC,"$2,226,920",$11046.60,0.03,%,Recently
359,Upbit,XMR/BTC,"$2,220,770",$10761.50,0.03,%,Recently
360,Binance,ENG/BTC,"$2,219,340",$10757.30,0.03,%,Recently
361,CoinEgg,ETC/BTC,"$2,212,710",$10305.50,0.03,%,Recently
362,Poloniex,OMG/BTC,"$2,208,780",$10787.20,0.03,%,Recently
363,Bittrex,SRN/BTC,"$2,185,760",$10940.00,0.03,%,Recently
364,Binance,KMD/BTC,"$2,181,630",$10939.70,0.03,%,Recently
365,Bibox,SXUT/BTC,"$2,177,100",$10771.80,0.03,%,Recently
366,Liqui,ADX/BTC,"$2,172,010",$10721.80,0.03,%,Recently
367,Cryptopia,ETN/BTC,"$2,169,560",$10777.90,0.03,%,Recently
368,TOPBTC,ETH/BTC,"$2,160,950",$11507.60,0.03,%,Recently
369,ZB.COM,QUN/BTC,"$2,156,180",$10821.50,0.03,%,Recently
370,Livecoin,BCH/BTC,"$2,146,300",$10747.50,0.03,%,Recently
371,Mr. Exchange,BTC/ETH,"$2,142,380",$10383.00,0.03,%,Recently
372,Upbit,NBT/BTC,"$2,114,940",$10749.60,0.03,%,Recently
373,Upbit,DGB/BTC,"$2,112,840",$10762.80,0.03,%,Recently
374,Upbit,QTUM/BTC,"$2,111,100",$11112.60,0.03,%,Recently
375,OkCoin Intl.,BTC/USD,"$2,105,100",$11411.80,0.03,%,Recently
376,Bittrex,DASH/BTC,"$2,071,840",$10793.70,0.03,%,Recently
377,Binance,SNT/BTC,"$2,061,100",$10985.70,0.02,%,Recently
378,HitBTC,ETC/BTC,"$2,023,730",$10747.50,0.02,%,Recently
379,Binance,TRIG/BTC,"$2,021,680",$10714.20,0.02,%,Recently
380,Upbit,WAVES/BTC,"$2,020,650",$10799.90,0.02,%,Recently
381,YoBit,BTC/USD,"$2,018,120",$11350.00,0.02,%,Recently
382,Poloniex,ZRX/BTC,"$2,006,230",$10671.30,0.02,%,Recently
383,Bitinka,BTC/BRL,"$2,002,070",$11044.10,0.02,%,Recently
384,OKEx,XLM/BTC,"$2,000,810",$11088.20,0.02,%,Recently
385,Bittrex,NXS/BTC,"$1,995,270",$10787.60,0.02,%,Recently
386,Bittrex,IGNIS/BTC,"$1,995,210",$10866.70,0.02,%,Recently
387,Independent Reserve,XBT/AUD,"$1,982,640",$10799.80,0.02,%,Recently
388,Huobi,SOC/BTC,"$1,980,410",$10735.70,0.02,%,Recently
389,BitMEX,BTC/USD,"$2,227,560,000",$10794.50,0.00,%,Recently
390,BTCBOX,BTC/JPY,"$165,075,000",$10787.40,0.00,%,Recently
391,Fisco,BTC/JPY,"$149,853,000",$10850.80 ,0.00,%,Recently
392,Zaif,BTC/JPY,"$149,814,000",$10848.40,0.00,%,Recently
393,Quoine,BTC/JPY,"$104,382,000",$10801.90,0.00,%,Recently
394,ZB.COM,BTC/USDT,"$24,775,600",$10797.80,0.00,%,Recently
395,GOPAX,BTC/KRW,"$16,751,100",$11196.30,0.00,%,Recently
396,Quoine,BTC/USD,"$14,214,500",$10759.30,0.00,%,Recently
397,bitFlyer,BTC/USD,"$3,031,120",$10791.90,0.00,%,Recently
398,Bitinka,BTC/LTC,"$5,629,620",$287.29,0.00,%,Recently
399,Bitinka,BTC/ETH,"$4,734,970",$1295.65,0.00,%,Recently
